date,EUR2M Curncy,EUR Curncy,EURUSDH2M BGN Curncy,EURUSDV2M BGN Curncy
1/1/2015,6.69,1.2104,8.229,9.2625
1/2/2015,6.59,1.2002,8.2187,9.2725
1/5/2015,6.7,1.1933,8.3452,9.5275
1/6/2015,6.3,1.189,8.1125,9.4225
1/7/2015,6.27,1.1839,8.1298,9.87
1/8/2015,6.03,1.1793,8.1329,9.7975
1/9/2015,6.1,1.1842,8.1682,9.4
1/12/2015,6.36,1.1834,8.1697,9.4175
1/13/2015,6.52,1.1773,8.2115,9.625
1/14/2015,6.35,1.1789,8.2516,9.7525
1/15/2015,6.72,1.1633,8.4477,12.1475
1/16/2015,7.01,1.1567,8.6847,12.38
1/19/2015,7.2,1.1606,8.7148,11.59
1/20/2015,6.51,1.155,8.7072,11.76
1/21/2015,6.14,1.161,8.6833,11.79
1/22/2015,5.44,1.1366,9.0939,11.215
1/23/2015,5.24,1.1204,9.574,12.17
1/26/2015,5.3,1.1238,9.8195,12.1125
1/27/2015,5.6,1.1381,10.0731,12.22
1/28/2015,5.88,1.1287,10.1493,12.02
1/29/2015,5.77,1.132,10.212,11.63
1/30/2015,6.1,1.1291,10.2797,11.6775
2/2/2015,6.3,1.1341,10.3145,11.5175
2/3/2015,6.61,1.1481,10.3886,11.1575
2/4/2015,6.57,1.1345,10.4457,11.4175
2/5/2015,6.85,1.1477,10.5955,11.3075
2/6/2015,6.88,1.1316,10.6895,11.2375
2/9/2015,7.52,1.1325,10.7395,11.935
2/10/2015,7.56,1.1321,10.6715,11.77
2/11/2015,7.69,1.1336,10.6938,11.645
2/12/2015,7.51,1.1403,10.7225,11.1875
2/13/2015,7.45,1.1394,10.6671,10.62
2/16/2015,7.77,1.1355,10.3922,10.505
2/17/2015,7.9,1.1411,10.4364,10.5375
2/18/2015,7.88,1.1397,10.5159,10.495
2/19/2015,7.77,1.1368,10.5903,10.33
2/20/2015,8.53,1.1381,10.7591,10.425
2/23/2015,8.26,1.1335,10.8115,9.985
2/24/2015,7.68,1.134,10.8522,9.555
2/25/2015,7.8,1.1361,10.8813,8.32
2/26/2015,8.3,1.1198,10.9675,9.1
2/27/2015,8.23,1.1196,10.9962,9.28
3/2/2015,7.92,1.1184,11.0354,9.3575
3/3/2015,8.01,1.1176,11.082,9.4575
3/4/2015,8.08,1.1078,11.101,9.87
3/5/2015,8.57,1.103,11.0204,9.865
3/6/2015,8.56,1.0844,11.2256,10.045
3/9/2015,8.28,1.0852,11.211,10.0175
3/10/2015,8.27,1.0698,11.2942,11.33
3/11/2015,7.71,1.0547,11.4503,12.2125
3/12/2015,7.55,1.0635,11.5811,11.9125
3/13/2015,7.78,1.0496,11.7724,12.345
3/16/2015,7.82,1.0568,11.7801,12.0875
3/17/2015,7.95,1.0597,11.6727,11.9575
3/18/2015,8.09,1.0864,12.0629,11.3425
3/19/2015,8.89,1.066,12.564,12.025
3/20/2015,8.95,1.0821,12.7104,11.74
3/23/2015,8.85,1.0946,12.8742,12.17
3/24/2015,8.86,1.0924,12.6894,11.595
3/25/2015,8.85,1.097,12.3616,10.93
3/26/2015,8.57,1.0884,12.3216,11.4875
3/27/2015,8.61,1.0889,12.2115,11.6425
3/30/2015,8.7,1.0833,12.1837,12.1375
3/31/2015,8.68,1.0731,12.1944,12.135
4/1/2015,8.78,1.0763,12.2491,11.8675
4/2/2015,8.55,1.088,12.2639,11.7375
4/3/2015,8.61,1.0969,12.3264,11.105
4/6/2015,8.42,1.0922,12.3327,10.8075
4/7/2015,8.07,1.0814,12.2883,11.12
4/8/2015,8.08,1.0781,12.2578,10.665
4/9/2015,8.37,1.0659,12.2791,11.1125
4/10/2015,8.18,1.0604,12.2995,11.465
4/13/2015,8.25,1.0567,12.3616,11.76
4/14/2015,8.53,1.0655,12.4636,11.47
4/15/2015,8.74,1.0684,12.6893,11.23
4/16/2015,9.26,1.0761,12.8672,11.985
4/17/2015,9.19,1.0806,13.014,11.9675
4/20/2015,8.86,1.0738,13.0151,12.315
4/21/2015,8.56,1.0736,13.0293,12.43
4/22/2015,8.38,1.0725,12.9309,12.025
4/23/2015,8.65,1.0824,13.0183,11.96
4/24/2015,8.7,1.0873,13.1625,11.94
4/27/2015,8.45,1.0891,13.2207,11.935
4/28/2015,8.5,1.0981,13.1968,11.2
4/29/2015,8.97,1.1128,13.3665,11.2325
4/30/2015,9.02,1.1224,13.6852,11.675
5/1/2015,8.91,1.1199,13.796,12.1675
5/4/2015,8.86,1.1146,13.8265,12.325
5/5/2015,8.93,1.1185,13.9075,12.08
5/6/2015,9.07,1.1347,13.861,11.925
5/7/2015,9.66,1.1267,13.9019,12.005
5/8/2015,9.33,1.1199,13.9412,10.99
5/11/2015,9.08,1.1155,13.8416,11.195
5/12/2015,8.85,1.1213,13.7378,10.965
5/13/2015,8.79,1.1354,13.6885,10.205
5/14/2015,9.18,1.141,13.6846,10.6825
5/15/2015,9.13,1.1451,13.7897,10.67
5/18/2015,8.98,1.1315,13.4,10.935
5/19/2015,9,1.115,13.2382,11.815
5/20/2015,8.9,1.1094,13.1905,11.6375
5/21/2015,9.04,1.1112,13.039,11.3925
5/22/2015,9.27,1.1013,13.1496,11.8825
5/25/2015,9.1,1.0978,13.1278,12.27
5/26/2015,9.47,1.0873,13.0532,12.4125
5/27/2015,9.65,1.0904,13.0352,11.8175
5/28/2015,9.38,1.0949,13.0909,11.8775
5/29/2015,9.35,1.0986,13.1018,11.595
6/1/2015,9.03,1.0927,13.1343,12.15
6/2/2015,8.73,1.1151,13.2607,11.9025
6/3/2015,8.84,1.1275,13.1605,11.6175
6/4/2015,9.22,1.1238,13.2373,11.9025
6/5/2015,9.04,1.1114,13.68,12.2425
6/8/2015,8.85,1.1291,13.7266,12.3825
6/9/2015,8.86,1.1283,13.7659,12.6175
6/10/2015,8.93,1.1324,13.8568,12.58
6/11/2015,9.77,1.1258,13.8519,12.56
6/12/2015,9.63,1.1266,13.808,12.9025
6/15/2015,9.35,1.1283,13.658,13.055
6/16/2015,9.21,1.1248,13.551,12.545
6/17/2015,9.23,1.1337,13.4092,11.4125
6/18/2015,9.45,1.1359,13.4303,11.305
6/19/2015,9.2,1.1352,13.3719,11.885
6/22/2015,9.01,1.1341,13.439,11.395
6/23/2015,8.7,1.1167,13.444,11.5275
6/24/2015,8.93,1.1205,13.3289,10.985
6/25/2015,9.18,1.1205,13.2893,11.205
6/26/2015,9.28,1.1167,13.2787,11.52
6/29/2015,9.8,1.1236,14.0043,12.3375
6/30/2015,9.43,1.1147,13.784,12.17
7/1/2015,9.18,1.1053,13.7369,11.765
7/2/2015,9.45,1.1084,13.7079,11.815
7/3/2015,9.8,1.1114,13.6285,12.205
7/6/2015,9.61,1.1056,13.9501,12.2075
7/7/2015,9.83,1.1011,14.0386,12.41
7/8/2015,9.6,1.1077,14.0013,12.4625
7/9/2015,9.59,1.1036,14.0101,12.185
7/10/2015,9,1.1162,14.1067,11.37
7/13/2015,8.68,1.1002,14.2063,11.1425
7/14/2015,8.86,1.1009,14.1832,10.9025
7/15/2015,9.07,1.095,14.0588,10.645
7/16/2015,9.29,1.0875,14.0305,10.695
7/17/2015,9.18,1.083,13.7261,9.97
7/20/2015,9.18,1.0825,13.636,10.4875
7/21/2015,9.16,1.0935,13.6237,10.23
7/22/2015,9.09,1.0929,13.4607,10.48
7/23/2015,9.24,1.0984,13.5345,10.6175
7/24/2015,9.03,1.0984,13.4684,10.6725
7/27/2015,9.06,1.1088,13.4803,10.755
7/28/2015,8.96,1.106,13.3869,10.44
7/29/2015,8.84,1.0984,13.3469,10.0275
7/30/2015,9.55,1.0932,13.2542,10.2625
7/31/2015,9.22,1.0984,13.329,10.215
8/3/2015,8.97,1.095,13.1877,10.465
8/4/2015,9.09,1.0881,13.0271,10.4875
8/5/2015,9.19,1.0906,12.518,10.72
8/6/2015,9.67,1.0925,12.3969,10.675
8/7/2015,9.77,1.0967,12.5262,10.455
8/10/2015,9.56,1.1019,12.4176,10.145
8/11/2015,9.36,1.1042,12.441,10.3675
8/12/2015,9.51,1.1159,12.3857,10.27
8/13/2015,10.18,1.115,12.381,10.0075
8/14/2015,10.13,1.1109,12.3512,9.75
8/17/2015,9.89,1.1078,12.3092,9.89
8/18/2015,9.91,1.1024,12.2266,10.09
8/19/2015,9.9,1.112,12.2889,9.825
8/20/2015,10.22,1.1242,12.2319,9.775
8/21/2015,10.2,1.1386,12.1615,10.055
8/24/2015,10.3,1.1619,12.7724,11.305
8/25/2015,10.39,1.1517,12.9511,11.18
8/26/2015,10.24,1.1314,13.038,11.5325
8/27/2015,10.13,1.1246,12.1733,11.445
8/28/2015,10.65,1.1185,12.1529,11.3675
8/31/2015,10.6,1.1211,12.1047,11.7925
9/1/2015,10.8,1.1315,12.1421,12.065
9/2/2015,10.95,1.1227,12.1567,11.62
9/3/2015,11.26,1.1123,11.889,11.545
9/4/2015,11.05,1.1149,11.7543,11.505
9/7/2015,10.91,1.117,11.6397,11.635
9/8/2015,11.14,1.1203,11.626,11.635
9/9/2015,11.43,1.1207,11.5051,11.16
9/10/2015,11.71,1.128,11.3448,11.31
9/11/2015,11.79,1.1338,11.3199,11.2475
9/14/2015,11.85,1.1317,11.3287,11.345
9/15/2015,12.07,1.1269,11.292,11.13
9/16/2015,12.16,1.129,11.3287,10.815
9/17/2015,10.99,1.1435,11.405,10.705
9/18/2015,11.46,1.1298,11.466,10.26
9/21/2015,11.68,1.119,11.4755,10.475
9/22/2015,11.18,1.112,11.3901,10.975
9/23/2015,11.3,1.1186,11.4537,10.6025
9/24/2015,11.57,1.123,11.4393,10.54
9/25/2015,10.9,1.1195,11.535,10.6375
9/28/2015,10.48,1.1244,11.538,10.525
9/29/2015,10.47,1.1249,11.5838,10.45
9/30/2015,10.69,1.1177,11.3028,10.12
10/1/2015,10.95,1.1195,11.3056,10.15
10/2/2015,10.09,1.1216,11.6354,9.795
10/5/2015,9.89,1.1188,11.6265,9.71
10/6/2015,10.01,1.1272,11.6349,9.71
10/7/2015,9.9,1.1237,11.4011,9.43
10/8/2015,9.91,1.1276,11.4109,9.505
10/9/2015,9.88,1.1358,11.3281,9.405
10/12/2015,9.85,1.1358,11.2543,9.3325
10/13/2015,9.96,1.1379,11.1838,9.3225
10/14/2015,9.73,1.1474,11.1478,9.08
10/15/2015,10.05,1.1386,11.2345,9.73
10/16/2015,10.13,1.1348,11.2199,9.7
10/19/2015,10.1,1.1327,11.1642,9.985
10/20/2015,10.08,1.1346,11.0954,9.885
10/21/2015,10,1.1339,11.0217,9.6775
10/22/2015,10.63,1.1109,10.4748,10.46
10/23/2015,10.53,1.1018,10.3422,11.8225
10/26/2015,10.15,1.1058,10.1831,11.3825
10/27/2015,9.95,1.1051,10.0375,10.7525
10/28/2015,10.29,1.0923,10.3685,10.9825
10/29/2015,13,1.0977,10.3782,10.965
10/30/2015,12.46,1.1006,10.3486,10.8775
11/2/2015,12.36,1.1016,10.3564,11.005
11/3/2015,12.6,1.0964,10.0563,11.4325
11/4/2015,12.89,1.0866,10.0404,11.815
11/5/2015,13.72,1.0884,10.0789,11.4875
11/6/2015,13.63,1.0741,10.3133,11.37
11/9/2015,14.84,1.0752,10.294,11.465
11/10/2015,14.98,1.0724,10.1995,11.6525
11/11/2015,15.1,1.0743,10.166,11.575
11/12/2015,15.97,1.0814,10.2633,11.67
11/13/2015,15.73,1.0773,10.2563,11.5275
11/16/2015,15.77,1.0686,10.2749,11.7025
11/17/2015,15.99,1.0642,10.209,12.03
11/18/2015,16.58,1.066,10.0835,11.72
11/19/2015,17.4,1.0734,10.1205,11.85
11/20/2015,17.92,1.0646,10.1336,11.8225
11/23/2015,18.76,1.0636,10.0819,12.15
11/24/2015,18.68,1.0643,10.0189,12.06
11/25/2015,18.12,1.0624,9.9461,12.21
11/26/2015,19.01,1.061,9.87,12.12
11/27/2015,19.98,1.0593,9.7695,12.1975
11/30/2015,19.99,1.0565,9.7502,12.2725
12/1/2015,19.87,1.0633,9.7288,12.2925
12/2/2015,19.95,1.0615,9.3586,12.0625
12/3/2015,18.21,1.094,10.5793,10.835
12/4/2015,17.58,1.0881,10.6803,10.2325
12/7/2015,17.83,1.0837,10.6787,10.2875
12/8/2015,17.78,1.0892,10.6308,10.05
12/9/2015,18.3,1.1025,10.6021,10.2
12/10/2015,19.95,1.0941,10.6316,10.2
12/11/2015,20.16,1.0986,10.7053,10.17
12/14/2015,20.4,1.0992,10.7221,10.405
12/15/2015,20.85,1.0931,10.6692,10.115
12/16/2015,20.94,1.0912,10.8614,9.485
12/17/2015,20.3,1.0826,10.9024,9.7575
12/18/2015,19.74,1.0868,10.9978,9.72
12/21/2015,19.94,1.0915,11.0195,9.76
12/22/2015,20.76,1.0957,10.797,9.7375
12/23/2015,19.05,1.0912,10.6897,9.7825
12/24/2015,18.76,1.0963,10.6756,9.7925
12/25/2015,18.96,1.096,10.7435,9.8075
12/28/2015,18.56,1.0968,10.2798,9.9425
12/29/2015,16.51,1.092,10.2712,9.855
12/30/2015,16.18,1.0933,10.2027,9.7
12/31/2015,16.61,1.0862,10.1606,9.6025
1/1/2016,16.59,1.0856,10.1012,9.5825
1/4/2016,16.33,1.0831,10.193,9.85
1/5/2016,15.89,1.0748,10.1825,9.8775
1/6/2016,16.09,1.0781,9.9001,9.9725
1/7/2016,16.19,1.0932,10.1001,10.135
1/8/2016,16.6,1.0922,10.166,10.2225
1/11/2016,16.43,1.0859,10.2729,10.3275
1/12/2016,16.38,1.0858,10.1635,10.0625
1/13/2016,16.31,1.0877,10.1527,9.765
1/14/2016,17.24,1.0865,10.214,10.115
1/15/2016,17.06,1.0916,10.2912,10.3675
1/18/2016,16.67,1.0892,10.2808,10.295
1/19/2016,16.53,1.0908,10.1819,10.1425
1/20/2016,16.3,1.089,10.2173,10.31
1/21/2016,17.35,1.0874,10.5115,10.28
1/22/2016,16.95,1.0796,10.5255,10.0425
1/25/2016,16.72,1.0849,10.4614,10.13
1/26/2016,16.36,1.087,10.4837,10.075
1/27/2016,16.66,1.0893,10.5162,9.895
1/28/2016,17.2,1.094,10.5521,9.8325
1/29/2016,17.88,1.0831,10.6216,10.0275
2/1/2016,17.77,1.0888,10.5788,9.825
2/2/2016,17.53,1.0919,9.3178,9.8875
2/3/2016,17.62,1.1105,9.3661,10.6125
2/4/2016,17.78,1.1209,9.4667,10.505
2/5/2016,18.8,1.1158,9.54,10.2925
2/8/2016,18.78,1.1193,9.6732,11.28
2/9/2016,19.02,1.1293,9.807,11.405
2/10/2016,18.95,1.1292,9.8126,11.6
2/11/2016,19.72,1.1323,9.9111,11.805
2/12/2016,19.24,1.1256,9.9118,11.365
2/15/2016,18.63,1.1156,9.7144,11.1325
2/16/2016,18.9,1.1144,9.6701,11.14
2/17/2016,18.97,1.1128,9.5902,11.025
2/18/2016,18.92,1.1107,9.6244,10.8075
2/19/2016,19.6,1.113,9.6723,11.1175
2/22/2016,19.27,1.103,9.689,11.38
2/23/2016,19.24,1.102,9.7142,11.1375
2/24/2016,18.98,1.1013,9.6956,11.4425
2/25/2016,19.01,1.1018,9.7222,10.94
2/26/2016,20.03,1.0934,9.7713,11.215
2/29/2016,20.17,1.0873,9.8251,11.4975
3/1/2016,20.42,1.0868,9.8605,11.185
3/2/2016,20.61,1.0868,9.9019,10.9
3/3/2016,21.6,1.0957,9.8007,10.965
3/4/2016,21.41,1.1005,9.8743,10.8525
3/7/2016,21.06,1.1014,9.8842,10.9875
3/8/2016,20.63,1.1011,9.6563,10.955
3/9/2016,20.6,1.0999,9.5819,10.91
3/10/2016,20.8,1.1177,10.5248,10.52
3/11/2016,20.58,1.1156,10.5756,10.03
3/14/2016,20.59,1.1103,10.5712,9.5125
3/15/2016,20.53,1.1109,10.4822,9.68
3/16/2016,20.59,1.1224,10.632,9.49
3/17/2016,20.73,1.1318,10.7166,9.185
3/18/2016,20.41,1.127,10.7203,8.93
3/21/2016,20.26,1.1241,10.6346,8.9725
3/22/2016,20.28,1.1217,10.3281,8.905
3/23/2016,20.63,1.1181,10.3012,8.99
3/24/2016,20.58,1.1174,10.2981,8.96
3/25/2016,20.6,1.1167,10.2699,8.9225
3/28/2016,20.65,1.1196,10.224,9.1075
3/29/2016,20.8,1.1291,10.2562,8.7
3/30/2016,20.45,1.1338,10.2129,8.265
3/31/2016,21.49,1.138,10.1898,8.8275
4/1/2016,21.07,1.1391,10.2336,8.8025
4/4/2016,20.28,1.1391,10.053,8.865
4/5/2016,20.17,1.1384,9.9363,9.225
4/6/2016,20.06,1.1399,9.8681,9.34
4/7/2016,20.41,1.1378,9.8585,9.5775
4/8/2016,20.22,1.1399,9.741,9.2025
4/11/2016,20.02,1.1408,9.7142,9.2
4/12/2016,20.37,1.1386,9.5774,9.0825
4/13/2016,20.15,1.1274,9.5317,8.9375
4/14/2016,20.62,1.1268,9.5396,9.3825
4/15/2016,20.28,1.1284,9.5194,9.1725
4/18/2016,20.05,1.1313,9.4853,8.9825
4/19/2016,20.2,1.1358,9.4219,8.7675
4/20/2016,20.22,1.1297,9.3848,8.68
4/21/2016,20.87,1.1288,9.5042,8.695
4/22/2016,20.3,1.1222,9.4889,8.7525
4/25/2016,20.13,1.1268,9.4046,8.7775
4/26/2016,20.15,1.1297,9.4212,9.5775
4/27/2016,20.35,1.1322,9.3311,9.6725
4/28/2016,22.4,1.1352,9.3353,9.54
4/29/2016,22.29,1.1451,9.2917,9.71
5/2/2016,22.4,1.1534,9.3337,10.265
5/3/2016,22.06,1.1496,9.3381,10.4075
5/4/2016,22.05,1.1487,9.2651,10.3125
5/5/2016,22.57,1.1405,9.2404,10.565
5/6/2016,22.16,1.1404,9.2188,10.2275
5/9/2016,21.72,1.1383,9.201,10.1675
5/10/2016,21.5,1.1372,7.9401,9.995
5/11/2016,21.35,1.1426,7.8054,9.7675
5/12/2016,22.1,1.1377,7.7598,9.705
5/13/2016,21.85,1.1309,7.7316,10.0625
5/16/2016,21.35,1.1321,7.3424,10.3325
5/17/2016,21.18,1.1313,7.2036,10.1525
5/18/2016,21.36,1.1216,7.323,9.99
5/19/2016,22.79,1.1203,7.337,10.075
5/20/2016,22.44,1.1224,7.2849,9.8675
5/23/2016,22.2,1.122,7.2807,9.68
5/24/2016,22.32,1.1141,7.2892,9.44
5/25/2016,22.32,1.1155,7.3186,8.865
5/26/2016,22.05,1.1194,7.3625,8.675
5/27/2016,22.17,1.1115,7.2722,8.585
5/30/2016,23.06,1.1138,7.1811,8.99
5/31/2016,23.19,1.1132,7.2214,9.22
6/1/2016,23.77,1.1188,7.1419,9.365
6/2/2016,25.14,1.1151,7.1495,9.095
6/3/2016,24.1,1.1367,7.7111,8.69
6/6/2016,24.06,1.1355,7.6823,9.0875
6/7/2016,23.96,1.1358,7.4692,9.06
6/8/2016,24.06,1.1395,7.387,9.095
6/9/2016,24.4,1.1316,7.3062,9.81
6/10/2016,24.12,1.1251,7.2739,11.03
6/13/2016,24.52,1.1292,7.2609,11.3375
6/14/2016,25.26,1.1207,7.24,12.19
6/15/2016,25.17,1.126,7.3029,10.6275
6/16/2016,26.91,1.1225,7.4772,11.045
6/17/2016,25.89,1.1277,7.5701,10.83
6/20/2016,25.27,1.1314,7.6765,10.005
6/21/2016,25.67,1.1242,7.5432,10.09
6/22/2016,26.41,1.1296,7.5786,10.1725
6/23/2016,26.28,1.1385,7.732,9.7575
6/24/2016,28.68,1.1117,9.2119,11.905
6/27/2016,25.26,1.1025,9.485,11.73
6/28/2016,25.54,1.1065,9.4973,10.2175
6/29/2016,24.49,1.1125,9.5683,9.31
6/30/2016,24.48,1.1106,9.655,9.6525
7/1/2016,24.42,1.1136,9.6631,9.2325
7/4/2016,24.18,1.1154,9.6233,9.1375
7/5/2016,24.43,1.1076,9.6443,9.41
7/6/2016,26.21,1.11,9.6581,9.425
7/7/2016,25.96,1.1063,9.6373,9.39
7/8/2016,25.36,1.1051,9.7669,9.0225
7/11/2016,25.34,1.1058,9.7731,8.9125
7/12/2016,25.2,1.1061,9.8215,8.4525
7/13/2016,25.38,1.109,9.795,8.41
7/14/2016,26.1,1.112,9.8819,8.145
7/15/2016,26.37,1.1035,9.9476,8.27
7/18/2016,27.03,1.1075,9.8421,8.265
7/19/2016,26.44,1.1021,9.8414,8.45
7/20/2016,26.31,1.1015,9.8629,8.4825
7/21/2016,27.54,1.1026,9.8961,8.5875
7/22/2016,26.95,1.0977,9.9147,8.52
7/25/2016,27.24,1.0995,9.9019,8.615
7/26/2016,27.9,1.0986,9.8624,8.205
7/27/2016,28.35,1.1058,9.874,7.865
7/28/2016,30.64,1.1077,9.9049,7.755
7/29/2016,29.35,1.1174,9.9235,7.79
8/1/2016,29.03,1.1163,9.9138,7.5075
8/2/2016,29.54,1.1224,9.8899,7.5975
8/3/2016,29.98,1.1149,9.4385,7.4175
8/4/2016,30.65,1.113,9.4169,7.7175
8/5/2016,30.24,1.1086,9.5468,7.665
8/8/2016,30.13,1.1088,9.5483,7.6
8/9/2016,29.5,1.1117,9.5179,7.495
8/10/2016,29.48,1.1176,9.5381,7.335
8/11/2016,30.01,1.1137,9.5207,7.225
8/12/2016,29.5,1.1162,9.5458,7.0975
8/15/2016,28.78,1.1184,9.4644,7.1125
8/16/2016,28.9,1.1279,9.3793,7.4925
8/17/2016,28.95,1.1289,9.3437,7.42
8/18/2016,29.85,1.1354,9.2641,7.59
8/19/2016,29.13,1.1325,9.2003,7.59
8/22/2016,28.69,1.132,9.1548,7.655
8/23/2016,29.41,1.1305,9.0385,7.6575
8/24/2016,29.47,1.1264,7.4707,7.8375
8/25/2016,30.42,1.1285,7.0788,7.72
8/26/2016,29.7,1.1198,7.0715,7.71
8/29/2016,29.81,1.1189,6.9377,8.0125
8/30/2016,29.38,1.1143,6.7311,8.08
8/31/2016,29.3,1.1158,6.6649,8.025
9/1/2016,29.61,1.1197,6.7448,7.985
9/2/2016,29.39,1.1156,6.7118,7.6525
9/5/2016,29.09,1.1147,6.663,7.69
9/6/2016,28.75,1.1255,6.7843,7.6875
9/7/2016,28.07,1.1239,6.5743,7.365
9/8/2016,28.49,1.126,6.6077,7.8225
9/9/2016,28.25,1.1233,6.5586,8.02
9/12/2016,27.86,1.1235,6.544,8.185
9/13/2016,27.89,1.122,6.4347,8.01
9/14/2016,28.08,1.125,6.3447,8.045
9/15/2016,29.1,1.1244,6.3588,7.865
9/16/2016,29.31,1.1155,6.379,7.9125
9/19/2016,28.88,1.1175,6.3134,8.035
9/20/2016,29.1,1.1151,6.2386,7.96
9/21/2016,28.75,1.1189,6.2183,7.88
9/22/2016,29.95,1.1208,6.2587,7.395
9/23/2016,29.34,1.1226,6.2715,7.3175
9/26/2016,29.88,1.1254,6.2465,7.53
9/27/2016,30.83,1.1215,6.2183,7.455
9/28/2016,30.34,1.1217,6.1633,7.45
9/29/2016,28.97,1.1222,6.1976,7.4875
9/30/2016,30.82,1.1235,6.3364,7.645
10/3/2016,31.26,1.1211,6.3033,7.4275
10/4/2016,28.59,1.1204,6.4924,7.8175
10/5/2016,27.59,1.1205,6.309,8.0375
10/6/2016,27.42,1.1151,6.3114,8.5075
10/7/2016,26.74,1.1201,6.3931,8.61
10/10/2016,26.61,1.1139,6.3288,8.335
10/11/2016,26.16,1.1054,6.3514,8.9175
10/12/2016,26.27,1.1007,6.3528,8.8075
10/13/2016,28.38,1.1056,6.397,8.9525
10/14/2016,27.93,1.0972,6.3351,8.7975
10/17/2016,27.72,1.1,6.2616,8.92
10/18/2016,26.75,1.0981,6.2222,8.7625
10/19/2016,26.14,1.0974,6.2207,8.505
10/20/2016,27.89,1.0929,6.2853,8.4125
10/21/2016,27.67,1.0884,6.2805,8.67
10/24/2016,27.57,1.0882,6.2653,8.5825
10/25/2016,27.16,1.0889,6.3098,8.5775
10/26/2016,26.9,1.0908,6.2201,8.3525
10/27/2016,26.94,1.0897,6.2255,8.1625
10/28/2016,32.5,1.0985,6.2762,8.1775
10/31/2016,32.29,1.0981,6.2566,8.2525
11/1/2016,31.47,1.1055,6.1779,8.43
11/2/2016,31.25,1.1098,6.162,8.8975
11/3/2016,32.49,1.1105,6.1878,8.72
11/4/2016,32.43,1.1141,6.0413,9.1575
11/7/2016,31.79,1.1041,6.21,8.2925
11/8/2016,31.75,1.1026,6.1541,8.13
11/9/2016,32.7,1.091,7.5669,8.4475
11/10/2016,32.33,1.0893,7.6826,8.665
11/11/2016,31.49,1.0855,7.7811,9.0175
11/14/2016,31.59,1.0737,7.9754,9.7625
11/15/2016,31.43,1.0722,8.0514,9.1225
11/16/2016,32.11,1.0691,8.1165,9.4325
11/17/2016,33.25,1.0626,8.2461,9.495
11/18/2016,32.99,1.0588,8.3359,10.3425
11/21/2016,33.14,1.063,8.3856,9.88
11/22/2016,33.42,1.0627,8.4231,9.385
11/23/2016,33.45,1.0553,8.4893,9.92
11/24/2016,34.97,1.0554,8.5416,9.8625
11/25/2016,34.28,1.0589,8.5834,9.5225
11/28/2016,35.45,1.0614,8.6707,9.71
11/29/2016,35.49,1.065,8.7026,9.8825
11/30/2016,34.63,1.0589,8.7262,10.53
12/1/2016,35.43,1.0661,8.8235,10.4125
12/2/2016,35.83,1.0664,8.7258,10.3225
12/5/2016,35.96,1.0764,9.3238,9.7025
12/6/2016,35.15,1.0718,9.3707,9.705
12/7/2016,34.39,1.0753,9.3265,9.505
12/8/2016,33.96,1.0615,9.5573,9.515
12/9/2016,34.74,1.0561,9.5918,9.885
12/12/2016,35.56,1.0635,9.606,9.9125
12/13/2016,35.65,1.0626,9.6119,9.555
12/14/2016,34.99,1.0536,9.7515,9.81
12/15/2016,36.44,1.0414,9.9973,10.745
12/16/2016,36.01,1.0451,10.134,10.73
12/19/2016,36.09,1.0402,10.193,10.74
12/20/2016,36.38,1.0388,10.1603,10.455
12/21/2016,36.05,1.0424,10.1698,10.105
12/22/2016,36.79,1.0437,10.2376,10.035
12/23/2016,37.65,1.0456,10.2241,10.2525
12/26/2016,37.46,1.0455,10.1924,10.3825
12/27/2016,37.6,1.0457,10.1773,10.5525
12/28/2016,41.05,1.0413,10.1757,10.61
12/29/2016,30.99,1.049,10.2321,10.17
12/30/2016,31,1.0517,10.4086,10.19
1/2/2017,29.85,1.0455,10.3665,10.365
1/3/2017,28.51,1.0405,10.5713,10.355
1/4/2017,27.4,1.0489,10.5984,9.87
1/5/2017,27.46,1.0607,10.6926,9.86
1/6/2017,27.3,1.0532,10.7895,9.235
1/9/2017,27.97,1.0574,9.864,9.78
1/10/2017,26.65,1.0554,9.8286,9.65
1/11/2017,25.9,1.0582,9.9189,9.875
1/12/2017,25.68,1.0613,9.8326,9.55
1/13/2017,25.5,1.0643,9.8096,9.3
1/16/2017,26.78,1.0601,9.7585,9.9975
1/17/2017,26.55,1.0713,9.7293,9.62
1/18/2017,25.95,1.063,9.699,9.525
1/19/2017,26.35,1.0664,9.7469,9.62
1/20/2017,26.26,1.0703,9.7463,9.485
1/23/2017,27.08,1.0765,9.7217,9.36
1/24/2017,26.1,1.0731,9.693,9.08
1/25/2017,25.55,1.0748,9.6896,8.955
1/26/2017,25.96,1.0682,9.6352,9.1525
1/27/2017,25.7,1.0699,9.6057,9.0075
1/30/2017,31.71,1.0695,9.564,9.52
1/31/2017,30.47,1.0798,9.6067,9.1625
2/1/2017,30.39,1.0769,9.6261,8.9475
2/2/2017,29.95,1.0759,9.0599,8.5925
2/3/2017,30.05,1.0783,9.0454,8.4525
2/6/2017,31.14,1.075,9.0416,8.6725
2/7/2017,30.25,1.0683,8.8249,8.75
2/8/2017,29.15,1.0698,8.796,8.6725
2/9/2017,28.72,1.0655,8.7357,8.465
2/10/2017,30.47,1.0643,8.7346,8.445
2/13/2017,30.23,1.0598,8.5652,8.425
2/14/2017,29.7,1.0578,8.3301,8.29
2/15/2017,29.15,1.0601,8.204,8.2075
2/16/2017,28.88,1.0674,8.1717,7.915
2/17/2017,28.6,1.0616,8.1626,8
2/20/2017,29.56,1.0614,8.1383,8.045
2/21/2017,29.4,1.0536,8.0815,8.505
2/22/2017,29.18,1.0558,8.1693,8.425
2/23/2017,28.85,1.0582,8.2386,9.36
2/24/2017,28.55,1.0563,8.3424,9.105
2/27/2017,29.77,1.0587,8.3259,9.2625
2/28/2017,29.55,1.0576,8.2854,8.9375
3/1/2017,30.05,1.0547,8.084,8.865
3/2/2017,30.61,1.0507,8.1287,9.035
3/3/2017,30.32,1.0622,7.9246,8.35
3/6/2017,30.6,1.0582,7.9471,8.3275
3/7/2017,30.79,1.0566,7.7004,8.425
3/8/2017,30.5,1.0541,7.5616,9.77
3/9/2017,31.36,1.0577,7.5523,9.775
3/10/2017,30.48,1.0673,7.5578,9.4825
3/13/2017,30.45,1.0653,7.3421,9.82
3/14/2017,31.47,1.0604,7.2294,9.88
3/15/2017,32.31,1.0734,7.2921,9.535
3/16/2017,33.5,1.0766,7.3425,8.58
3/17/2017,33.4,1.0738,7.3005,8.8775
3/20/2017,33.05,1.0739,7.2447,9.705
3/21/2017,32.67,1.0811,7.1352,9.515
3/22/2017,32.85,1.0797,7.0958,9.495
3/23/2017,34.4,1.0783,7.0529,9.58
3/24/2017,33.15,1.0798,7.0555,9.495
3/27/2017,31.72,1.0864,7.0625,9.46
3/28/2017,31.45,1.0814,7.0335,9.43
3/29/2017,31.45,1.0766,7.0678,9.41
3/30/2017,30.35,1.0674,7.0085,9.44
3/31/2017,30.25,1.0652,6.8647,9.47
4/3/2017,29.76,1.067,6.7824,9.46
4/4/2017,29.53,1.0674,6.7609,9.59
4/5/2017,28.85,1.0663,6.7341,9.5125
4/6/2017,30.15,1.0644,6.7701,10.065
4/7/2017,30.24,1.0591,6.7525,10.355
4/10/2017,30.37,1.0596,6.6959,10.42
4/11/2017,30.25,1.0605,6.6589,10.495
4/12/2017,31.03,1.0665,6.7043,10.73
4/13/2017,30.9,1.0613,6.7042,10.7925
4/14/2017,30.85,1.0618,6.6091,10.8275
4/17/2017,31.25,1.0643,6.5568,11.07
4/18/2017,31.05,1.073,6.5252,10.645
4/19/2017,30.46,1.0711,6.5128,10.385
4/20/2017,31.62,1.0717,6.5598,10.545
4/21/2017,31.99,1.0728,6.5713,10.87
4/24/2017,30.62,1.0868,7.5306,8.12
4/25/2017,30.85,1.0926,7.5321,8.4175
4/26/2017,32.34,1.0904,7.4679,8.3975
4/27/2017,33.86,1.0873,7.4816,8.035
4/28/2017,34.02,1.0895,7.5176,7.95
5/1/2017,33.99,1.0899,7.4677,7.985
5/2/2017,34.55,1.093,7.4602,7.68
5/3/2017,33.6,1.0886,7.388,7.595
5/4/2017,34.78,1.0985,7.3607,7.8225
5/5/2017,34.25,1.0998,7.358,7.8325
5/8/2017,33.14,1.0924,7.426,7.1325
5/9/2017,33.17,1.0874,7.4087,6.97
5/10/2017,33.33,1.0868,7.3135,6.915
5/11/2017,34.83,1.0861,7.2843,6.7875
5/12/2017,34.54,1.0931,7.3157,6.62
5/15/2017,34.1,1.0975,7.1669,6.795
5/16/2017,34.28,1.1083,7.1204,7.045
5/17/2017,34.92,1.1159,7.1232,7.32
5/18/2017,36,1.1103,7.2002,7.415
5/19/2017,35.52,1.1206,7.1803,7.38
5/22/2017,35.2,1.1237,7.2176,7.2825
5/23/2017,35.31,1.1183,7.286,7.325
5/24/2017,35.55,1.1219,7.2796,7.22
5/25/2017,36.49,1.121,7.2345,6.975
5/26/2017,36.72,1.1183,7.249,7.025
5/29/2017,36.21,1.1164,7.1731,7.105
5/30/2017,36.31,1.1186,7.2049,7.06
5/31/2017,36.15,1.1244,7.2024,6.86
6/1/2017,37.15,1.1213,7.2073,6.755
6/2/2017,36.41,1.1279,7.2834,6.7375
6/5/2017,35.92,1.1254,7.2677,6.7825
6/6/2017,35.95,1.1277,7.2363,6.81
6/7/2017,36,1.1257,7.3834,6.865
6/8/2017,37.46,1.1214,7.3935,6.6675
6/9/2017,37.27,1.1195,7.4103,6.3875
6/12/2017,36.66,1.1203,7.3349,6.21
6/13/2017,36.71,1.1211,7.3297,6.17
6/14/2017,36.9,1.1218,7.5178,6.19
6/15/2017,38.08,1.1145,7.5481,6.2825
6/16/2017,37.58,1.1198,7.5425,6.165
6/19/2017,37.09,1.1149,7.5443,6.035
6/20/2017,37.35,1.1134,7.5145,5.995
6/21/2017,36.92,1.1168,7.4702,6.0375
6/22/2017,38.08,1.1152,6.3624,6.035
6/23/2017,37.71,1.1194,6.2947,5.91
6/26/2017,37.3,1.1182,6.2703,5.8275
6/27/2017,37.79,1.1339,6.3936,6.245
6/28/2017,37.9,1.1378,6.5053,6.7925
6/29/2017,37.75,1.1441,6.5336,6.93
6/30/2017,36.36,1.1426,6.5312,6.665
7/3/2017,35.85,1.1364,6.5257,6.4775
7/4/2017,35.57,1.1346,6.4748,6.3925
7/5/2017,36.15,1.1352,6.4993,6.4875
7/6/2017,36.97,1.1423,6.4288,6.66
7/7/2017,36.34,1.1401,6.3926,6.7775
7/10/2017,36.47,1.1399,6.3921,6.555
7/11/2017,36.99,1.1467,6.4167,6.5975
7/12/2017,36.4,1.1412,6.4895,6.6375
7/13/2017,36.93,1.1398,6.5298,6.6125
7/14/2017,36.64,1.147,6.5432,6.57
7/17/2017,37.05,1.1478,6.484,6.7025
7/18/2017,37.68,1.1554,6.4654,7.2325
7/19/2017,36.99,1.1515,6.4492,7.17
7/20/2017,37.74,1.1631,6.6441,7.485
7/21/2017,37.51,1.1663,6.5806,7.475
7/24/2017,37.49,1.1642,6.5597,7.555
7/25/2017,37.65,1.1647,6.5862,7.725
7/26/2017,37.75,1.1734,6.6382,7.6775
7/27/2017,36.5,1.1677,6.7094,7.82
7/28/2017,39.25,1.1751,6.6359,7.82
7/31/2017,38.95,1.1842,6.6718,7.8025
8/1/2017,38.59,1.1802,6.6966,7.95
8/2/2017,38.67,1.1856,6.6674,7.9575
8/3/2017,40.26,1.187,6.696,8.2075
8/4/2017,39.24,1.1773,6.8447,7.975
8/7/2017,38.76,1.1795,6.6765,7.76
8/8/2017,37.99,1.1752,6.784,7.76
8/9/2017,38,1.1759,6.844,7.8375
8/10/2017,39.45,1.1772,6.8713,8.0125
8/11/2017,39.42,1.1821,6.9732,8
8/14/2017,39.29,1.178,6.8162,7.7675
8/15/2017,38.88,1.1735,6.8831,7.7675
8/16/2017,38.57,1.1767,6.9992,7.5775
8/17/2017,39.72,1.1723,7.0409,7.64
8/18/2017,39.18,1.1761,7.0539,7.625
8/21/2017,38.61,1.1815,7.0751,7.655
8/22/2017,38.26,1.1762,7.0937,7.6225
8/23/2017,38.53,1.1807,7.139,7.5475
8/24/2017,39.89,1.1799,7.1174,7.755
8/25/2017,39.59,1.1924,7.1617,7.705
8/28/2017,39.2,1.1979,7.0185,7.805
8/29/2017,39.4,1.1972,7.0825,8.2575
8/30/2017,38.62,1.1884,7.1226,8.11
8/31/2017,39.08,1.191,7.192,8.25
9/1/2017,38.75,1.186,7.2496,8.13
9/4/2017,38.21,1.1896,7.246,8.35
9/5/2017,38.18,1.1914,7.2824,8.53
9/6/2017,37.9,1.1917,7.3048,8.52
9/7/2017,39.39,1.2023,7.5387,8.48
9/8/2017,39,1.2036,7.6169,8.485
9/11/2017,38.31,1.1953,7.5479,8.1625
9/12/2017,38.42,1.1967,7.5474,8.095
9/13/2017,38.01,1.1885,7.5455,8.0625
9/14/2017,39.33,1.1919,7.6062,8.02
9/15/2017,38.65,1.1945,7.5649,7.9325
9/18/2017,38.42,1.1954,7.6222,8
9/19/2017,39,1.1994,7.4064,8.075
9/20/2017,38.6,1.1892,7.7328,7.795
9/21/2017,39.79,1.1941,7.7573,7.8475
9/22/2017,40.23,1.1951,7.748,8.0575
9/25/2017,40.1,1.1848,7.7153,8.1175
9/26/2017,39.81,1.1793,7.7152,7.98
9/27/2017,40.25,1.1745,7.7498,7.585
9/28/2017,39.27,1.1786,7.7159,7.555
9/29/2017,38.72,1.1814,7.7361,7.3275
10/2/2017,37.99,1.1733,7.7161,7.245
10/3/2017,37.21,1.1744,7.7082,6.995
10/4/2017,37.07,1.1759,7.571,6.925
10/5/2017,37.9,1.1711,7.5765,6.88
10/6/2017,37.72,1.173,7.5066,6.7375
10/9/2017,37.26,1.174,7.434,6.685
10/10/2017,37.83,1.1808,7.4501,6.9675
10/11/2017,38.25,1.1859,7.3748,7.0325
10/12/2017,39.25,1.183,7.3599,7.52
10/13/2017,38.32,1.182,7.3578,7.405
10/16/2017,37.36,1.1796,7.2366,7.3525
10/17/2017,37.28,1.1766,7.1887,7.19
10/18/2017,37.36,1.1787,7.1711,6.97
10/19/2017,40.8,1.1852,7.2194,7.1925
10/20/2017,40.22,1.1784,7.2415,7.2525
10/23/2017,39.71,1.1749,7.2236,7.25
10/24/2017,39.05,1.1761,7.2548,7.065
10/25/2017,38.32,1.1813,7.058,7.1075
10/26/2017,37.49,1.1651,7.136,6.8925
10/27/2017,36.98,1.1608,7.0828,6.8525
10/30/2017,42.74,1.1651,7.0587,6.7675
10/31/2017,42.29,1.1646,6.9929,6.4675
11/1/2017,42.43,1.1619,6.9655,6.345
11/2/2017,44.4,1.1658,6.9894,6.4025
11/3/2017,43.52,1.1608,6.955,6.16
11/6/2017,42.91,1.161,6.9487,5.9825
11/7/2017,43.37,1.1587,6.7087,6.0025
11/8/2017,44.1,1.1595,6.6006,5.91
11/9/2017,46.2,1.1642,6.6263,6.175
11/10/2017,46.36,1.1665,6.6004,6.15
11/13/2017,46.22,1.1667,6.5359,6.14
11/14/2017,45.68,1.1798,6.4984,6.5525
11/15/2017,45.89,1.1791,6.4923,6.5475
11/16/2017,47.82,1.177,6.4571,6.185
11/17/2017,47.28,1.179,6.462,6.245
11/20/2017,46.75,1.1733,6.1609,6.34
11/21/2017,47.13,1.1738,6.1385,6.1175
11/22/2017,46.78,1.1822,6.1364,6.06
11/23/2017,47.92,1.1851,6.0459,6.2
11/24/2017,47.71,1.1933,6.0022,6.61
11/27/2017,47.36,1.1898,6.0029,6.635
11/28/2017,48.9,1.184,6.0246,6.51
11/29/2017,48.69,1.1847,5.9756,6.5575
11/30/2017,49.37,1.1904,6.004,6.75
12/1/2017,48.65,1.1896,6.1863,6.8225
12/4/2017,49.67,1.1866,6.2549,6.8225
12/5/2017,50.72,1.1826,6.2486,6.6225
12/6/2017,52.61,1.1796,6.2191,6.605
12/7/2017,54.9,1.1773,6.2386,6.505
12/8/2017,54.06,1.1773,6.1925,6.34
12/11/2017,53.49,1.1769,6.1622,6.2225
12/12/2017,55.7,1.1742,6.1834,6.21
12/13/2017,57.45,1.1826,6.1127,6.075
12/14/2017,61.88,1.1778,6.1642,5.98
12/15/2017,67.82,1.1749,6.1695,5.855
12/18/2017,63.19,1.1782,6.1564,5.89
12/19/2017,56.87,1.184,6.0975,5.965
12/20/2017,56.62,1.1871,6.0775,6.07
12/21/2017,59.85,1.1874,6.062,6.075
12/22/2017,61.4,1.1862,6.044,5.92
12/25/2017,61.45,1.187,6.0148,5.985
12/26/2017,61.54,1.1858,5.8717,5.9775
12/27/2017,56.95,1.1888,5.8319,5.9625
12/28/2017,40.54,1.1943,5.7964,6.135
12/29/2017,42.35,1.2005,5.7915,6.3525
1/1/2018,42.15,1.2012,5.7117,6.47
1/2/2018,41.39,1.2059,5.6657,6.4975
1/3/2018,40.86,1.2015,5.6788,6.39
1/4/2018,41.27,1.2068,5.6684,6.9325
1/5/2018,41.3,1.2029,5.6656,6.7625
1/8/2018,42.43,1.1967,5.6837,6.6925
1/9/2018,41.75,1.1937,5.6361,6.56
1/10/2018,41.34,1.1948,5.7662,6.6375
1/11/2018,41.95,1.2032,5.9458,6.8525
1/12/2018,42.15,1.2202,6.0471,7.275
1/15/2018,44.05,1.2264,6.0803,7.71
1/16/2018,43.65,1.226,6.1376,7.1825
1/17/2018,43.03,1.2186,6.3133,7.3275
1/18/2018,42.9,1.2238,6.3114,7.495
1/19/2018,43.13,1.2222,6.3276,7.62
1/22/2018,45.45,1.2262,6.3818,7.61
1/23/2018,44.66,1.2299,6.4404,7.465
1/24/2018,44.01,1.2408,6.4874,8.005
1/25/2018,44.15,1.2396,6.9187,7.975
1/26/2018,44.05,1.2427,6.9618,8.01
1/29/2018,43.95,1.2383,7.0115,8.1075
1/30/2018,50.55,1.2402,7.0419,8.21
1/31/2018,50.14,1.2414,6.9114,7.805
2/1/2018,50.11,1.251,6.9036,7.85
2/2/2018,49.78,1.2463,7.0145,7.9625
2/5/2018,50.75,1.2367,7.0945,8.215
2/6/2018,50.07,1.2377,7.2222,8.38
2/7/2018,48.9,1.2264,7.283,8.1975
2/8/2018,49.62,1.2247,7.4157,8.4725
2/9/2018,50.99,1.2252,7.4776,8.4875
2/12/2018,52.46,1.2292,7.4774,8.275
2/13/2018,51.15,1.2352,7.4676,7.935
2/14/2018,51.1,1.2451,7.6132,8.0125
2/15/2018,52.08,1.2506,7.6715,7.9625
2/16/2018,51.78,1.2406,7.7253,7.8925
2/19/2018,53.4,1.2407,7.7504,7.7675
2/20/2018,52.81,1.2337,7.7952,7.91
2/21/2018,52.26,1.2284,7.8378,7.675
2/22/2018,52.31,1.233,7.9216,7.4475
2/23/2018,52.6,1.2295,7.9508,7.4425
2/26/2018,55.26,1.2317,7.9858,7.38
2/27/2018,56.32,1.2233,8.0321,7.4375
2/28/2018,56.27,1.2194,8.0439,7.505
3/1/2018,59.15,1.2267,8.1388,7.64
3/2/2018,58.61,1.2317,8.1588,7.69
3/5/2018,57.51,1.2336,8.2619,7.445
3/6/2018,57.84,1.2404,8.3065,7.52
3/7/2018,58.4,1.2411,8.3161,7.445
3/8/2018,59.58,1.2312,8.3862,7.345
3/9/2018,58.99,1.2307,8.388,7.0375
3/12/2018,58.5,1.2334,8.3014,6.8725
3/13/2018,59.73,1.239,8.2011,6.825
3/14/2018,60.78,1.2368,8.1177,6.62
3/15/2018,62.99,1.2305,8.0855,6.61
3/16/2018,59.8,1.229,8.0393,6.8825
3/19/2018,58.97,1.2335,7.9054,6.995
3/20/2018,58.18,1.2242,7.8284,6.895
3/21/2018,56.17,1.2338,7.8387,6.63
3/22/2018,59.15,1.2302,7.8026,6.8275
3/23/2018,58.85,1.2353,7.8023,6.875
3/26/2018,57.65,1.2444,7.7712,6.8325
3/27/2018,57.33,1.2403,7.376,6.71
3/28/2018,54.2,1.2308,7.3341,6.7925
3/29/2018,53.52,1.23,7.2957,6.7025
3/30/2018,53.56,1.2324,7.1771,6.6525
4/2/2018,53.45,1.2302,7.1528,6.7425
4/3/2018,53.67,1.227,7.1381,6.73
4/4/2018,54.74,1.2278,7.0822,6.5975
4/5/2018,55.6,1.224,7.0117,6.495
4/6/2018,54.28,1.2281,6.8973,6.265
4/9/2018,52.92,1.2321,6.8393,6.2625
4/10/2018,52.81,1.2356,6.7563,6.23
4/11/2018,53.05,1.2367,6.6858,6.185
4/12/2018,55.64,1.2327,6.6804,6.52
4/13/2018,54.96,1.2331,6.6372,6.3775
4/16/2018,53.92,1.238,6.4854,6.395
4/17/2018,53.22,1.237,6.4184,6.4225
4/18/2018,53.08,1.2374,6.3386,6.3475
4/19/2018,55.32,1.2345,6.3335,6.3925
4/20/2018,54.73,1.2288,6.3071,6.53
4/23/2018,54.14,1.2209,6.2549,6.9675
4/24/2018,53.76,1.2233,6.2105,6.8825
4/25/2018,53.13,1.2161,6.2168,6.925
4/26/2018,52.55,1.2103,6.3317,7.0075
4/27/2018,57.18,1.213,6.302,6.7275
4/30/2018,57.35,1.2078,6.3223,6.72
5/1/2018,56.88,1.1993,6.261,7.14
5/2/2018,56.46,1.1951,6.4236,7.0925
5/3/2018,56.7,1.1988,6.3009,7.02
5/4/2018,55.75,1.196,6.3337,6.9125
5/7/2018,54.78,1.1922,6.3305,6.9975
5/8/2018,54.39,1.1864,6.2659,7.265
5/9/2018,54.19,1.1851,6.3012,7.185
5/10/2018,56.4,1.1915,6.4455,6.985
5/11/2018,55.32,1.1943,6.4417,6.67
5/14/2018,54.2,1.1927,6.4557,6.665
5/15/2018,54.5,1.1838,6.553,6.935
5/16/2018,54.4,1.1808,6.6085,7.185
5/17/2018,55.95,1.1795,6.648,7.035
5/18/2018,55.3,1.1772,6.6474,6.9925
5/21/2018,55.15,1.1791,6.6219,7.2775
5/22/2018,55.38,1.1779,6.6527,7.16
5/23/2018,55.38,1.1697,6.7247,7.3025
5/24/2018,56.61,1.172,6.7306,7.0625
5/25/2018,56.89,1.1651,6.7862,7.1525
5/28/2018,56.05,1.1625,6.8466,7.4
5/29/2018,55.85,1.154,6.9393,8.3775
5/30/2018,54.65,1.1665,7.0879,7.71
5/31/2018,56.62,1.1693,7.1946,7.465
6/1/2018,55.64,1.1659,7.191,7.2275
6/4/2018,54.48,1.1699,7.1936,7.095
6/5/2018,54.32,1.1718,7.266,7.29
6/6/2018,55.18,1.1774,7.3085,7.3425
6/7/2018,57.6,1.18,7.3139,7.39
6/8/2018,56.89,1.1769,7.3128,7.575
6/11/2018,55.83,1.1784,7.3224,7.565
6/12/2018,55,1.1745,7.3821,7.56
6/13/2018,54.58,1.1791,7.4828,7.235
6/14/2018,54.47,1.1568,7.7469,7.57
6/15/2018,53.55,1.161,7.8024,7.47
6/18/2018,54.08,1.1623,7.8187,7.61
6/19/2018,53.17,1.159,7.8546,7.8575
6/20/2018,52.22,1.1572,7.8498,7.495
6/21/2018,54.64,1.1604,7.9481,7.7075
6/22/2018,54.64,1.1651,7.9872,7.5
6/25/2018,53.6,1.1704,8.0118,7.425
6/26/2018,53.29,1.1648,7.9048,7.395
6/27/2018,54.65,1.1554,7.937,7.3625
6/28/2018,54.84,1.1569,7.9581,7.545
6/29/2018,54.21,1.1684,8.1185,7.1275
7/2/2018,52.71,1.1639,8.0125,7.2375
7/3/2018,52.48,1.1658,7.9964,7.0525
7/4/2018,52.53,1.1657,7.9306,6.9575
7/5/2018,53.57,1.1691,7.94,6.87
7/6/2018,53.35,1.1746,7.9407,6.46
7/9/2018,53.69,1.1751,7.9241,6.4225
7/10/2018,52.78,1.1744,7.8182,6.395
7/11/2018,52.03,1.1674,7.8615,6.675
7/12/2018,52.97,1.1672,7.8327,6.79
7/13/2018,52.3,1.1685,7.7571,6.845
7/16/2018,52.7,1.1711,7.6883,6.7825
7/17/2018,52.7,1.1661,7.6527,6.615
7/18/2018,52.42,1.1639,7.6434,6.7225
7/19/2018,52.95,1.1642,7.7637,6.935
7/20/2018,52.19,1.1724,7.7663,6.79
7/23/2018,52.4,1.1692,7.6953,6.8225
7/24/2018,52.42,1.1687,7.7048,6.63
7/25/2018,52.29,1.1729,7.6557,6.585
7/26/2018,50.35,1.1643,7.5852,6.5325
7/27/2018,49.67,1.1657,7.4934,6.4925
7/30/2018,52.99,1.1706,7.38,6.595
7/31/2018,52.87,1.1691,7.2645,6.6125
8/1/2018,52.6,1.166,7.2063,6.42
8/2/2018,55.09,1.1585,7.1421,6.9375
8/3/2018,54.28,1.1568,7.0925,7.0875
8/6/2018,53.17,1.1554,7.0334,7.3275
8/7/2018,52.66,1.1599,7.0182,6.95
8/8/2018,52.67,1.161,6.9879,6.795
8/9/2018,54.19,1.1527,6.9725,7.07
8/10/2018,53.39,1.1413,7.1576,8.0525
8/13/2018,52.36,1.141,7.1519,7.915
8/14/2018,51.86,1.1344,6.8948,8.0425
8/15/2018,51.81,1.1345,6.862,8
8/16/2018,53.6,1.1377,6.923,7.65
8/17/2018,53.07,1.1438,6.883,7.4825
8/20/2018,52.34,1.1482,6.8819,7.425
8/21/2018,52.81,1.1571,6.8596,7.4
8/22/2018,52.92,1.1597,6.8199,7.34
8/23/2018,54.51,1.154,6.8238,7.755
8/24/2018,54.17,1.1622,6.8309,7.375
8/27/2018,53.71,1.1678,6.7968,7.2425
8/28/2018,53.72,1.1695,6.7765,7.0375
8/29/2018,53.88,1.1707,6.5752,7.0125
8/30/2018,55.03,1.1671,6.5512,7.2025
8/31/2018,54.79,1.1602,6.5904,7.4725
9/3/2018,54.03,1.1619,6.578,7.4775
9/4/2018,54.01,1.1582,6.5678,7.6425
9/5/2018,54.46,1.163,6.6202,7.3225
9/6/2018,56.8,1.1623,6.6348,7.48
9/7/2018,55.65,1.1553,6.6994,7.59
9/10/2018,54.94,1.1594,6.6517,7.5825
9/11/2018,54.14,1.1606,6.6691,7.5525
9/12/2018,54.35,1.1626,6.704,7.1875
9/13/2018,56.78,1.169,6.8138,7.0325
9/14/2018,55.75,1.1625,6.8117,7.07
9/17/2018,54.95,1.1683,6.8007,7.0425
9/18/2018,55.22,1.1667,6.7194,7.0525
9/19/2018,55.35,1.1673,6.6657,6.985
9/20/2018,57.56,1.1777,6.69,7.035
9/21/2018,56.89,1.1749,6.6823,7.0625
9/24/2018,56.08,1.1748,6.7798,7.09
9/25/2018,56.2,1.1767,6.7792,7.045
9/26/2018,58.19,1.1739,6.7735,6.8
9/27/2018,57.78,1.1641,6.8537,7.005
9/28/2018,56.42,1.1604,6.8703,7.115
10/1/2018,54.99,1.1578,6.8974,7.1675
10/2/2018,54.77,1.1548,6.9313,7.3425
10/3/2018,54.25,1.1478,6.9566,7.4125
10/4/2018,55.4,1.1514,6.9668,7.365
10/5/2018,55.48,1.1524,6.9841,7.235
10/8/2018,54.71,1.1492,6.9571,7.395
10/9/2018,54.9,1.1491,7.0133,7.515
10/10/2018,54.97,1.152,6.747,7.26
10/11/2018,57.1,1.1593,6.6993,7.3975
10/12/2018,56.2,1.156,6.6632,7.2525
10/15/2018,55.18,1.1579,6.6617,7.1625
10/16/2018,54.81,1.1574,6.6315,7.02
10/17/2018,54.56,1.1501,6.6151,7.04
10/18/2018,56.5,1.1453,6.6081,7.45
10/19/2018,55.9,1.1514,6.5792,7.315
10/22/2018,54.69,1.1464,6.5711,7.36
10/23/2018,56.79,1.1471,6.5647,7.425
10/24/2018,55.54,1.1392,6.5615,7.805
10/25/2018,57.1,1.1375,6.586,7.4925
10/26/2018,56.73,1.1403,6.5889,7.56
10/29/2018,55.8,1.1373,6.6652,7.475
10/30/2018,67.8,1.1345,6.6289,7.4675
10/31/2018,66.21,1.1312,6.591,7.5175
11/1/2018,68.57,1.1408,6.6302,7.305
11/2/2018,66.8,1.1388,6.6828,7.11
11/5/2018,66.38,1.1407,6.6082,7.24
11/6/2018,67.18,1.1427,6.5869,7.335
11/7/2018,67.63,1.1426,6.7316,6.915
11/8/2018,68.99,1.1363,6.7431,7.095
11/9/2018,69.18,1.1336,6.7457,7.185
11/12/2018,68.28,1.1218,6.7589,7.5925
11/13/2018,68.65,1.129,6.6632,7.71
11/14/2018,68.8,1.131,6.7862,7.7
11/15/2018,70.79,1.1328,6.9091,7.9
11/16/2018,69.07,1.1415,6.9683,7.445
11/19/2018,67.05,1.1454,6.9658,7.2825
11/20/2018,66.52,1.137,6.9668,7.2525
11/21/2018,66.79,1.1384,7.0087,7.155
11/22/2018,69.36,1.1403,6.8977,7.1725
11/23/2018,67.94,1.1337,6.9324,7.215
11/26/2018,65.95,1.1328,6.9355,7.07
11/27/2018,65.08,1.1289,6.8992,7.16
11/28/2018,65.32,1.1366,7.0309,7.1075
11/29/2018,64.57,1.1393,7.0432,7.195
11/30/2018,65.93,1.1317,7.0204,7.2
12/3/2018,67.26,1.1354,7.0114,7.12
12/4/2018,66.4,1.1343,7.0502,7.19
12/5/2018,65.53,1.1344,7.0469,7.165
12/6/2018,66.55,1.1374,7.1036,7.365
12/7/2018,65.59,1.1379,7.056,7.195
12/10/2018,66.64,1.1356,7.1041,7.3225
12/11/2018,65.38,1.1317,7.1018,7.26
12/12/2018,64.67,1.1369,7.1112,7.16
12/13/2018,65.17,1.1361,7.1418,6.895
12/14/2018,65.04,1.1306,7.167,6.995
12/17/2018,63.65,1.1348,7.1384,6.9525
12/18/2018,63.56,1.1361,7.1422,6.9875
12/19/2018,65.45,1.1376,7.1635,6.775
12/20/2018,64.45,1.1446,7.2688,6.99
12/21/2018,62.58,1.1372,7.3144,6.92
12/24/2018,62.58,1.1406,7.3142,7.18
12/25/2018,62.52,1.1392,7.2364,7.25
12/26/2018,62.32,1.1353,7.2366,7.2725
12/27/2018,58.13,1.143,7.2461,7.25
12/28/2018,58.41,1.1444,7.2716,7.28
12/31/2018,57.47,1.1467,7.2736,7.185
1/1/2019,57.46,1.1465,7.2023,7.21
1/2/2019,55.81,1.1344,7.2227,7.28
1/3/2019,56.4,1.1394,7.2857,7.275
1/4/2019,56.39,1.1395,7.3556,6.835
1/7/2019,58.83,1.1474,7.1615,6.8225
1/8/2019,57.25,1.1441,7.146,6.8275
1/9/2019,56.51,1.1543,7.2419,6.9425
1/10/2019,56.67,1.15,7.2031,6.7475
1/11/2019,56.68,1.1469,7.2518,6.7
1/14/2019,58.97,1.1469,7.1147,6.76
1/15/2019,57.87,1.1413,7.1284,6.8575
1/16/2019,56.65,1.1392,7.022,6.7275
1/17/2019,56.46,1.1389,7.0065,6.56
1/18/2019,56.37,1.1363,6.9511,6.5
1/21/2019,58.33,1.1365,6.8537,6.6825
1/22/2019,57.66,1.136,6.8206,6.6825
1/23/2019,56.6,1.1381,6.7512,6.6725
1/24/2019,56.21,1.1304,6.8314,6.615
1/25/2019,56.6,1.1406,6.8147,6.425
1/28/2019,55.85,1.1428,6.658,6.5525
1/29/2019,55,1.1433,6.6204,6.555
1/30/2019,58.85,1.148,6.7322,6.545
1/31/2019,58.87,1.1448,6.7041,6.3275
2/1/2019,58.87,1.1456,6.6499,6.1325
2/4/2019,60.6,1.1438,6.62,6.0825
2/5/2019,59.29,1.1406,6.552,6.13
2/6/2019,58.06,1.1362,6.5214,6.2
2/7/2019,57.84,1.1341,6.4433,6.26
2/8/2019,57.74,1.1323,6.3757,6.3425
2/11/2019,59.39,1.1276,6.3765,6.55
2/12/2019,58.7,1.1326,6.3188,6.4125
2/13/2019,57.32,1.1261,6.2512,6.425
2/14/2019,61.04,1.1295,6.3166,6.485
2/15/2019,60.9,1.1296,6.3446,6.54
2/18/2019,60.04,1.1311,6.2264,6.52
2/19/2019,59.19,1.1341,6.1206,6.38
2/20/2019,57.7,1.1338,6.0338,6.325
2/21/2019,56.41,1.1336,6.0663,6.18
2/22/2019,56.43,1.1335,6.0894,5.965
2/25/2019,58.5,1.1358,6.0323,5.79
2/26/2019,58.33,1.1389,5.9224,5.7575
2/27/2019,58.92,1.137,5.8741,5.685
2/28/2019,60.13,1.1371,5.9039,5.815
3/1/2019,59.09,1.1365,5.949,5.75
3/4/2019,57.83,1.134,5.8489,5.855
3/5/2019,57.64,1.1308,5.7836,5.88
3/6/2019,57.45,1.1307,5.6604,5.9125
3/7/2019,58.97,1.1193,5.7139,6.185
3/8/2019,58.51,1.1235,5.6693,5.88
3/11/2019,57.7,1.1245,5.5259,5.7325
3/12/2019,57.7,1.1288,5.5618,5.7425
3/13/2019,57.93,1.1327,5.4782,5.615
3/14/2019,59.76,1.1304,5.4523,5.525
3/15/2019,59,1.1326,5.2815,5.3
3/18/2019,58.35,1.1337,5.2314,5.185
3/19/2019,58.2,1.1352,5.2154,5.2225
3/20/2019,59.01,1.1413,5.4264,5.25
3/21/2019,61.89,1.1374,5.4976,5.845
3/22/2019,60.44,1.1302,5.7449,5.7625
